streams,stream_scenario,traffic_condition,method,mean_throughput,std_throughput,mean_latency,std_latency,mean_packet_loss,std_packet_loss,mean_jitter,std_jitter,mean_qos_satisfaction,std_qos_satisfaction,mean_jain_fairness,std_jain_fairness,mean_resource_utilization,std_resource_utilization
10,real_application_traces,HIGH,Blended Demand (lambda=0.25),94.96454917953002,1.9928287520854917,14.141273874846453,1.863323339557794,13.666400007958547,1.8116957271834568,2.4151643107470275,1.014099811796625,90.78714499252615,2.1128481601866116,0.2872452538569309,0.08162216438989013,98.65935585559433,0.5058037837685966
10,real_application_traces,HIGH,Blended Demand (lambda=0.50),92.84980247372258,2.702631901567481,15.426473592846525,2.0130456124777867,15.588689098546018,2.4568592598738497,3.2397586434956183,0.7844827842201593,89.5659192825112,2.4477563858998095,0.29927355714384535,0.08435069654478215,99.14239000118765,0.4581857263614142
10,real_application_traces,HIGH,Blended Demand (lambda=0.75),90.9177296851732,3.310606969458932,17.669788622744854,2.211315957163183,17.344971990822764,3.009342567627277,5.9561651830571725,0.8060049098341493,87.12436472346786,2.5426343773416984,0.3045620079011022,0.08435176096107523,99.27732136778347,0.3776133254103211
10,real_application_traces,HIGH,Current Demand Only (lambda=0.00),97.35724519162004,1.3625192543991205,13.129769360465119,1.6222626770473283,11.491603232272638,1.238713965202178,2.184281659943199,1.23979089612093,92.21823617339312,1.5792642805742754,0.27166612642950794,0.0772787963102228,97.35724519162004,1.3625192543990992
10,real_application_traces,HIGH,Equal Share,37.00398165130383,7.155217205304139,33.9828338505725,6.611093794072167,66.3545915986908,6.504909760950212,4.4689540855534755,1.729378321526808,79.55844544095666,5.486124874792962,0.45800165558319766,0.06523446947287619,37.00398165130384,7.155217205304178
10,real_application_traces,HIGH,Prediction Only (lambda=1.00),88.73712605493861,4.159119865816474,27.793115577396172,5.0451847360340185,19.327026591430247,3.7806771006601947,21.825931289352166,5.044796979129439,86.71330343796711,2.1624636523224714,0.30045522999400986,0.08098047543399549,99.19316200397887,0.27853828155099963
10,real_application_traces,HIGH,Proportional Fair,96.95378453308342,1.6395991947861506,13.265944528053964,0.8534510004716025,11.859025615269639,1.4903003094777842,3.805386486501243,1.1626590069626628,93.37698056801196,0.8607110348506651,0.2827141814462619,0.08108419894373937,96.95378453308341,1.6395991947861548
10,real_application_traces,HIGH,Round Robin,97.12900127332092,1.5252468937056813,12.520141588224615,1.0719871108813963,11.699198036694698,1.3867591907456747,2.0624174273695735,1.1664461410687956,92.82182361733932,0.9301647867482776,0.2715428279547262,0.07718322981842032,97.12900127332094,1.5252468937056818
10,real_application_traces,LOW,Blended Demand (lambda=0.25),44.955366282010914,0.04039179804331148,10.938783870235945,0.2732547394148385,0.09866545295677848,0.08984176623200425,1.0767805588598065,0.24765340285443416,99.98953662182362,0.005884908724971202,0.275426587521015,0.07797499640694898,46.99461929169206,0.9984015471188756
10,real_application_traces,LOW,Blended Demand (lambda=0.50),44.84952941637802,0.16822306571482995,12.39511142208441,0.7411932760184087,0.3333379006778001,0.3737436104647504,2.928383568195966,0.7119501881078606,99.83467862481317,0.1623789045561521,0.2848311337081452,0.08089545846510579,48.92771234539704,1.9123999706929145
10,real_application_traces,LOW,Blended Demand (lambda=0.75),44.407871094397834,0.6557463837120274,15.24484085849179,1.7425040175565483,1.3142802513927958,1.4570505609642954,6.974868640233493,1.8155642989941345,96.95545590433483,1.349655933113709,0.2924939586879213,0.08322468519408145,50.52110016010666,2.4921232250814063
10,real_application_traces,LOW,Current Demand Only (lambda=0.00),44.95935107406916,0.03786272867415142,10.005113392520604,0.0036714616262252023,0.0903309465129554,0.08413939705348324,0.00803789680944245,0.006219067795903487,99.99103139013452,0.006684807107623569,0.2642200557364901,0.07433693636227073,44.95935107406917,0.03786272867406826
10,real_application_traces,LOW,Equal Share,26.91546993490541,5.965271391264573,26.39417353914998,4.5563965737550305,40.17920780174219,13.254805179516485,2.7926213118263066,2.0636827926928674,85.11748878923767,4.587392756541544,0.36104851483678757,0.06814963556104364,26.91546993490538,5.965271391264573
10,real_application_traces,LOW,Prediction Only (lambda=1.00),43.56970349122612,1.4988482299837667,26.842476240061423,6.80974011749626,3.1763543380885877,3.330694824057437,25.27984821632604,8.204479476110802,95.6203288490284,1.7716583367546332,0.29879555879921044,0.08514739722757445,51.7070671403765,2.6986536496402875
10,real_application_traces,LOW,Proportional Fair,44.95969419197304,0.03718625239168658,10.008844067987273,0.0057268974693287615,0.08956846228209772,0.08263611642578135,0.015363546455216098,0.010258728302001517,99.99013452914798,0.006217229997934447,0.2642348627068199,0.07431542330220546,44.95969419197306,0.037186252391604335
10,real_application_traces,LOW,Round Robin,44.95795110829032,0.03678040440656215,10.004621971163704,0.003393046369735448,0.09344198157704797,0.08173423201438781,0.007341490077927312,0.0058895157718626264,99.99013452914798,0.0066512990915657865,0.2642114905681264,0.0743526957908118,44.95795110829033,0.036780404406475356
10,real_application_traces,MEDIUM,Blended Demand (lambda=0.25),78.8306031448095,1.0669460372964952,11.264832834146352,0.4275223158531806,1.4607923836315806,1.3337537523935028,1.4586211187224563,0.47239215472970886,99.30822122571001,0.5383193854715844,0.27361259938567517,0.07750505781086611,82.35364483498769,0.973418963293749
10,real_application_traces,MEDIUM,Blended Demand (lambda=0.50),78.37760896237867,1.5508825351999678,12.564704888580554,0.7239204636358846,2.0265359631938056,1.9386847799185523,2.9338291245146584,0.6297275734172967,98.77100149476831,1.0499794625613943,0.2825823555590543,0.08036285251797311,85.23223038696554,2.0520947698416294
10,real_application_traces,MEDIUM,Blended Demand (lambda=0.75),76.80809541312298,2.7926494363756107,15.075172239170481,1.3012440508571257,3.9879787295810316,3.4910665402306584,6.4018493888019234,1.1364865382603404,96.27922272047833,1.4686337891759342,0.2877996249615241,0.08166729892739992,86.62936053651364,1.9256414909561057
10,real_application_traces,MEDIUM,Current Demand Only (lambda=0.00),78.96706244384056,0.9387524747423339,10.465956377296944,0.2832670374815801,1.290650222211211,1.1736057477373663,0.7475709855171881,0.49547944333441585,99.3898355754858,0.45098723053332457,0.2622203644014601,0.07372801726630603,78.96706244384046,0.9387524747423569
10,real_application_traces,MEDIUM,Equal Share,33.320348585291626,7.0300047749484245,29.98058992753827,5.331020514217181,58.34341956155085,8.787035688092573,3.911278936069336,2.017706440300171,82.7237668161435,4.94858817403072,0.42846432692992353,0.06596769955577232,33.32034858529168,7.030004774948455
10,real_application_traces,MEDIUM,Prediction Only (lambda=1.00),74.60645473113986,4.504483481041328,26.192325462272816,5.629827874285258,6.739663000918435,5.630807425524876,23.826088779187625,6.551003324593858,95.04843049327354,1.7419896117321352,0.2903535912144114,0.08179648663367399,86.87677782670892,0.997883765423406
10,real_application_traces,MEDIUM,Proportional Fair,78.94594761718295,0.7768913068471408,10.757331952521987,0.35818616317660623,1.317043755533144,0.9711848939089736,1.3628939837145349,0.6489779241454419,99.26786248131539,0.526182225308531,0.26461891008561145,0.07420988344557236,78.9459476171829,0.7768913068471297
10,real_application_traces,MEDIUM,Round Robin,78.84555136931155,1.002972138770371,10.420656430497598,0.26291452626303413,1.4425390653724406,1.2539384263330897,0.7000922495158189,0.4746312894161311,99.37070254110613,0.47107025098965755,0.2615947931178491,0.073600999469777,78.84555136931147,1.002972138770368
10,real_application_traces,SPIKE,Blended Demand (lambda=0.25),88.16157886426481,1.6200043929347516,13.667792296076755,1.4532531596068687,20.870744227932082,1.6643418624459776,2.134966987493179,0.8474618590736359,91.86875934230194,2.408497687702796,0.29978822268901323,0.0843860188914035,91.73116068985368,0.40332614457765376
10,real_application_traces,SPIKE,Blended Demand (lambda=0.50),86.7864918512061,2.0980766412837624,14.85114765953052,1.6025241250673443,22.1036967078199,2.0890059334573636,3.219531907771433,0.795354625368228,91.4526158445441,2.351392991641711,0.3105439188082043,0.08679698385714074,93.13818480242955,0.8054599832228496
10,real_application_traces,SPIKE,Blended Demand (lambda=0.75),85.11293513928676,2.875797475069884,17.058929568912077,1.9082622906571916,23.60371273486883,2.782779585537898,6.046803067243204,0.9212132519695012,89.24962630792227,2.5806753899175576,0.31648394732730695,0.08752961638619253,93.8408892723065,0.7438098588094118
10,real_application_traces,SPIKE,Current Demand Only (lambda=0.00),90.0420094435909,0.8513241256867212,12.857895214812254,1.3593375506468872,19.18485689358385,0.97572513543948,1.6835163439572707,0.9686654165347879,92.31569506726457,2.3351824841251174,0.2839735265241448,0.08005069125384984,90.04200944359089,0.851324125686696
10,real_application_traces,SPIKE,Equal Share,36.549969897066674,6.958042534899429,33.48688738843615,6.616376887318041,67.19492523260132,6.223700874474135,4.348790375594478,1.8109893998238031,79.52137518684603,5.839256818838601,0.458878733490781,0.06628830722147872,36.549969897066624,6.958042534899497
10,real_application_traces,SPIKE,Prediction Only (lambda=1.00),83.05880368768393,3.987238897594176,27.07742714246018,4.985732732755176,25.444985676172273,3.7744629245221115,21.79547360208344,4.988017760040964,88.2729446935725,2.6371944452339995,0.3138488182831263,0.08504271734049197,93.97767340671719,0.3516085257301747
10,real_application_traces,SPIKE,Proportional Fair,89.98608897683347,0.8276148361371839,13.381134754927388,0.9743649190450391,19.23596616168523,0.9509685792299095,3.632299141794435,0.9338755355215715,92.82600896860986,1.9404754401339919,0.29540191719832104,0.08451798962910818,89.98608897683343,0.82761483613717
10,real_application_traces,SPIKE,Round Robin,89.96007269000857,0.9067281616378352,12.361975735235987,1.10660681390583,19.258540762610664,1.0274370082373017,1.5750542650187453,0.8905224597591531,92.67473841554559,2.02293258689043,0.28390828277018076,0.08025099366898662,89.96007269000853,0.9067281616377891
25,synthetic_scalability_scenario_derived_from_real_traffic,HIGH,Blended Demand (lambda=0.25),93.86691367188547,2.1919796207044837,14.057622160227265,1.5532187712064465,14.663377838086854,1.9929010233288786,1.8342056333179566,0.44541005967983704,90.65925261584455,2.2509501381233146,0.3079326055106894,0.04784723399529476,99.61267931214968,0.29005297811647374
25,synthetic_scalability_scenario_derived_from_real_traffic,HIGH,Blended Demand (lambda=0.50),90.3735856333615,3.270182478607119,15.589755716123259,1.6771087882421958,17.83835281058063,2.97312634137353,2.2956785085988707,0.3425060329150618,89.01249626307921,2.418874432289756,0.3220291431188658,0.04606232017351484,99.85235817847271,0.10198211344679074
25,synthetic_scalability_scenario_derived_from_real_traffic,HIGH,Blended Demand (lambda=0.75),87.32230946490914,4.272890521333236,18.020992109114996,1.8347811258693405,20.612012535292457,3.8846849696264654,4.140378954177964,0.47260150776987414,86.83168908819133,2.484385839575164,0.32392743359456855,0.04436105653170461,99.8842633886106,0.08178202532047563
25,synthetic_scalability_scenario_derived_from_real_traffic,HIGH,Current Demand Only (lambda=0.00),98.41610308300383,1.14263523324258,12.631655376856129,1.3166161837482688,10.529245533936532,1.0384674405974168,1.7060085594093377,0.4653575025042873,92.92388639760837,1.92951851837441,0.2857885530741907,0.04838589566447682,98.41610308300389,1.1426352332425522
25,synthetic_scalability_scenario_derived_from_real_traffic,HIGH,Equal Share,37.2615515207402,2.444671038073129,34.06958060734679,3.026600203766393,66.11954401144116,2.2230548210073313,3.530653153751723,0.7326783465035352,79.79216741405082,3.495500085138491,0.45552113824619916,0.02469815351386365,37.261551520740255,2.4446710380731607
25,synthetic_scalability_scenario_derived_from_real_traffic,HIGH,Prediction Only (lambda=1.00),83.71192118630132,5.625548945185812,31.177212872319764,4.70896225138016,23.894180547460742,5.1142967083462345,17.33007930979877,2.593946010123938,86.62708520179372,2.636958339833816,0.3151585277340143,0.044824445146594366,99.79438275894788,0.18000436092612593
25,synthetic_scalability_scenario_derived_from_real_traffic,HIGH,Proportional Fair,97.85633921675496,1.3712218961435672,12.152425830859764,0.7779357442278092,11.038689821346768,1.2464588092124913,1.9721411176537322,0.5497324585114517,94.2496860986547,1.4636793648683053,0.29994030937791105,0.0451585469167771,97.85633921675505,1.371221896143542
25,synthetic_scalability_scenario_derived_from_real_traffic,HIGH,Round Robin,98.15737562839266,1.2540766694815675,12.06740224984602,0.884546180686086,10.764609358416983,1.1395955120655672,1.5473155676062664,0.4118669942384135,93.63742899850523,1.5641243377531653,0.28324180743456,0.04817928795691368,98.15737562839273,1.2540766694815524
25,synthetic_scalability_scenario_derived_from_real_traffic,LOW,Blended Demand (lambda=0.25),44.99185001045665,0.01100133797672426,11.149742077188128,0.2703150344629999,0.016922208973504056,0.024733297438593687,0.8080887182823702,0.11916652114342624,99.99617339312405,0.005744268400345333,0.2897562507921033,0.046159192969143586,47.92989839568745,0.998797206048803
25,synthetic_scalability_scenario_derived_from_real_traffic,LOW,Blended Demand (lambda=0.50),44.77620690384713,0.1950727909591082,12.983387795291822,0.746203673905466,0.4949402336495223,0.4328362948856823,2.228156153709443,0.33973534800041033,99.66373692077727,0.20100475784316785,0.30184650414748593,0.047406240068363824,50.65230367430877,1.8988958690350088
25,synthetic_scalability_scenario_derived_from_real_traffic,LOW,Blended Demand (lambda=0.75),43.8830238679776,0.8478350784185582,16.64119864722166,1.8506059593101944,2.478745253839208,1.8830198097495185,5.375742492399004,0.8908607679664912,95.78869955156951,1.220854548563166,0.3106424089265943,0.04867898282036313,52.696834414951546,2.5415785311468038
25,synthetic_scalability_scenario_derived_from_real_traffic,LOW,Current Demand Only (lambda=0.00),44.99461738876043,0.008306205317155754,10.000241913153475,0.00022655883690403183,0.011961358310340297,0.018458234038127363,0.0003850384418464862,0.00033549409877437793,99.99808669656203,0.002045157713182497,0.27456168337247033,0.045415321233075456,44.994617388760346,0.008306205317157984
25,synthetic_scalability_scenario_derived_from_real_traffic,LOW,Equal Share,28.60234638809046,2.8199678260997296,27.221087682472522,4.53522532927585,36.42856416461499,6.268596639325966,2.7477909954124113,0.8933455966966033,85.38618834080718,5.170387893865355,0.3718210285090596,0.026225123627119682,28.60234638809046,2.8199678260998056
25,synthetic_scalability_scenario_derived_from_real_traffic,LOW,Prediction Only (lambda=1.00),42.28691110338441,1.701333434265407,32.283542438800204,6.566665767383243,6.024875514464498,3.779287285769033,20.794979089877756,3.5343492200885884,94.11144992526158,1.6757332056632148,0.3170624367379628,0.0492979222699728,54.038189976941,2.872231637320493
25,synthetic_scalability_scenario_derived_from_real_traffic,LOW,Proportional Fair,44.99450812548754,0.008751433657709947,10.00028519155977,0.0002637350570898787,0.012204165583424915,0.019447630350464575,0.0004713079227397298,0.0004545246231725627,99.99820627802691,0.0020712117280323075,0.2745609984521179,0.045417162410554275,44.99450812548746,0.008751433657710826
25,synthetic_scalability_scenario_derived_from_real_traffic,LOW,Round Robin,44.99442260256928,0.008731782079406744,10.00022931820557,0.00020740217032189095,0.012394216512895415,0.01940396017646073,0.00035984478016544755,0.000309313899000519,99.99808669656203,0.002045157713182497,0.27456011173908684,0.045417826023720256,44.994422602569195,0.008731782079409648
25,synthetic_scalability_scenario_derived_from_real_traffic,MEDIUM,Blended Demand (lambda=0.25),79.19105096232228,0.5929743048627479,11.2932133276914,0.33197536428258345,1.0099974181964708,0.7407473416757875,0.9764258784897638,0.21461418374694843,99.51019431988041,0.3380729487493966,0.28813269920221696,0.04655597027950304,84.35779060495267,1.4206230482990987
25,synthetic_scalability_scenario_derived_from_real_traffic,MEDIUM,Blended Demand (lambda=0.50),77.78442575786724,1.4991599342145845,12.932027576878529,0.7661743471906436,2.7672959072895535,1.8732834500960536,2.1134850053893133,0.32948916188898336,98.03168908819133,1.0525489790267144,0.2984193549847745,0.047879132414127785,87.94757046588775,2.53837344822445
25,synthetic_scalability_scenario_derived_from_real_traffic,MEDIUM,Blended Demand (lambda=0.75),74.42049292042762,2.9308382911060944,15.917382483564893,1.4800653464659612,6.971561860004992,3.6624086328650836,4.620224968033808,0.6025206583011361,95.02517189835575,1.55294998939298,0.3034867441724417,0.04800155019251498,89.31448280755978,2.509743928599007
25,synthetic_scalability_scenario_derived_from_real_traffic,MEDIUM,Current Demand Only (lambda=0.00),79.44391986507347,0.4331792145369709,10.189689105733484,0.10562405702704718,0.69510016865813,0.5414740181712385,0.3304833617277486,0.18477582937195144,99.68741405082213,0.24096829801940808,0.2731801046815111,0.045916680919994034,79.4439198650735,0.43317921453698705
25,synthetic_scalability_scenario_derived_from_real_traffic,MEDIUM,Equal Share,34.284037554972414,2.637119445314221,31.4421833703178,3.3222452591602227,57.137057012315516,3.2975929475958212,3.3172332759601475,0.7600930514106131,81.9770403587444,4.250564603373253,0.4269139978673492,0.023816473802680496,34.2840375549724,2.6371194453141973
25,synthetic_scalability_scenario_derived_from_real_traffic,MEDIUM,Prediction Only (lambda=1.00),70.43131039951858,4.658112526709566,30.570297054492197,5.7976533019496,11.95759760409151,5.821231685521689,19.111242761641122,3.022823481685044,93.62857997010464,1.8172326370617695,0.305901395537204,0.047853115223635875,89.43936983039995,2.092797134436403
25,synthetic_scalability_scenario_derived_from_real_traffic,MEDIUM,Proportional Fair,79.31787567446156,0.564770733292724,10.269298602869956,0.15059337607221224,0.8526554069229944,0.7059634166159309,0.49261346657544325,0.2762932884521284,99.58385650224216,0.27794910270009193,0.2755535113965352,0.04454084850718314,79.3178756744616,0.564770733292742
25,synthetic_scalability_scenario_derived_from_real_traffic,MEDIUM,Round Robin,79.31137588515952,0.48439493223343394,10.167093368470258,0.0941882395299672,0.8607801435506041,0.6054936652918794,0.2983223382149406,0.16868983128874943,99.66971599402093,0.22892301284264027,0.2726199284004416,0.046068318803319186,79.3113758851595,0.4843949322335033
25,synthetic_scalability_scenario_derived_from_real_traffic,SPIKE,Blended Demand (lambda=0.25),86.89253159577855,1.1166846476916588,13.584878668561577,1.0990389257477402,22.273087826231407,0.9562602529353665,1.5144291158790684,0.33847647709223944,91.76621823617339,2.5342983458102624,0.318215537997914,0.045169569756197465,92.35282100741509,0.8092382025568584
25,synthetic_scalability_scenario_derived_from_real_traffic,SPIKE,Blended Demand (lambda=0.50),84.70309321256468,1.9184358520115732,15.00063930613988,1.1820147277402315,24.23188091088202,1.661567251632457,2.2632968074764923,0.35531687651563254,90.8768908819133,2.1744562097591733,0.3295907059643913,0.044827386271370166,94.12412511653423,1.3585198850328253
25,synthetic_scalability_scenario_derived_from_real_traffic,SPIKE,Blended Demand (lambda=0.75),81.84965238541159,2.988894669196621,17.516056152970968,1.4875130839915727,26.784780651980448,2.6132139720863266,4.244474791908794,0.49721907690170386,88.38074738415546,2.3756284022620866,0.3343257221811462,0.04475337961754759,94.80782369146796,1.3425777192209332
25,synthetic_scalability_scenario_derived_from_real_traffic,SPIKE,Current Demand Only (lambda=0.00),89.96047123215018,0.23085145420889863,12.503267974404281,1.11298556125017,19.528609991008576,0.291076634763056,1.1968279706483615,0.357670580799704,92.30170403587444,2.670058123430159,0.298330631735794,0.04716694235613948,89.96047123215021,0.2308514542088463
25,synthetic_scalability_scenario_derived_from_real_traffic,SPIKE,Equal Share,37.014879977391686,2.476667800860528,33.788949446843006,3.3405107101377127,66.88597699512611,2.1897181118238724,3.4838609021942846,0.7209385559510714,79.88185351270553,3.9601738764363454,0.45607631894367484,0.02523603301778747,37.0148799773917,2.4766678008604455
25,synthetic_scalability_scenario_derived_from_real_traffic,SPIKE,Prediction Only (lambda=1.00),78.23542922312069,4.440047772677332,30.664899426470647,4.879286426637084,30.018266774870018,3.911351513223503,17.3105792811841,2.5851070906550273,87.29662182361734,2.3859942059198156,0.3284155773819273,0.045096460477560135,94.88765022159735,1.132018631008182
25,synthetic_scalability_scenario_derived_from_real_traffic,SPIKE,Proportional Fair,89.87011501357063,0.2993966167166597,12.307181991137472,0.955279297074017,19.61074310454665,0.31915270569962595,1.5085295360564999,0.3751346262339848,93.05853512705531,2.5787440201425977,0.31446634654131345,0.045668109543243976,89.87011501357065,0.29939661671665263
25,synthetic_scalability_scenario_derived_from_real_traffic,SPIKE,Round Robin,89.88508576834336,0.24294527320766202,12.113884162382003,1.0685854736178955,19.59644576056074,0.2866120762481795,1.0703567040377409,0.2761845402547867,92.63904334828102,2.6354398205543057,0.29681947116166135,0.047475268406587154,89.88508576834336,0.2429452732076389
50,synthetic_scalability_scenario_derived_from_real_traffic,HIGH,Blended Demand (lambda=0.25),95.28218588085723,1.689119475842817,13.402521493461833,0.5044209073299681,13.37672029879495,1.5354943340102092,1.0836015869407494,0.19250827494143696,90.53578475336323,0.7711136203201587,0.2737076654218805,0.026010655419130953,99.963630099551,0.012902701476952879
50,synthetic_scalability_scenario_derived_from_real_traffic,HIGH,Blended Demand (lambda=0.50),92.10595048976214,2.615366096325374,14.808395188295865,0.5898220953482827,16.26366096684328,2.3772971483663525,1.4713189575573808,0.1984618279360478,89.05506726457398,0.8992402272705141,0.28522096809608044,0.027694002967461172,99.99237751373492,0.006578800131312905
50,synthetic_scalability_scenario_derived_from_real_traffic,HIGH,Blended Demand (lambda=0.75),89.40009889891249,3.441657223302106,17.137982460489187,0.9319151021055825,18.72333566151767,3.1284369001978036,2.900208864898127,0.32992998838873033,86.90463378176382,1.0147436564470251,0.2876834383546358,0.027581506445415686,99.9949040104528,0.004442445424496464
50,synthetic_scalability_scenario_derived_from_real_traffic,HIGH,Current Demand Only (lambda=0.00),99.69474502484499,0.1751551861422996,12.099624995856267,0.48667093572909065,9.366306569865012,0.15981408590054139,1.0049129563300974,0.18557835255679966,92.90594917787743,0.8666125666369,0.25528855427904595,0.02358918450783701,99.69474502484496,0.17515518614230974
50,synthetic_scalability_scenario_derived_from_real_traffic,HIGH,Equal Share,34.528776858002345,2.240632741270509,32.76735588076578,1.9296110759408054,68.60400664547755,2.0376068650075014,2.2097790830156816,0.3953516936486794,80.64657698056801,2.072714509323055,0.42533465007133564,0.02845442126140625,34.528776858002296,2.240632741270473
50,synthetic_scalability_scenario_derived_from_real_traffic,HIGH,Prediction Only (lambda=1.00),86.52914753372951,4.520530488509735,28.510818257720217,4.224560903003027,21.33316626093408,4.109251312298295,11.841752864131898,1.644372409280104,86.62594917787743,1.0595703397705905,0.2832090034131144,0.026011658432812265,99.9912308721314,0.004639056613763889
50,synthetic_scalability_scenario_derived_from_real_traffic,HIGH,Proportional Fair,99.47665665307954,0.32319823354789085,11.539827506658087,0.28077986103105645,9.565278059362694,0.29409529740066825,1.0703191694377494,0.22724105958873306,94.64221225710014,0.77193813802883,0.26423358342651604,0.024700448633542007,99.4766566530796,0.32319823354788624
50,synthetic_scalability_scenario_derived_from_real_traffic,HIGH,Round Robin,99.57997983085298,0.25483281300827376,11.58558520445709,0.31321976543266505,9.470886623141737,0.23219242740021842,0.9024858294231862,0.15814677138783817,93.92520179372198,0.7265815034827403,0.25397194073007345,0.02314562757352449,99.57997983085293,0.25483281300824345
50,synthetic_scalability_scenario_derived_from_real_traffic,LOW,Blended Demand (lambda=0.25),44.999174809159754,0.0005265199975723986,11.012698639924043,0.24272531162758962,0.0009629288244255889,0.0009416988204635775,0.5329124658710307,0.07416124341506575,99.9986846038864,0.0013634384754555838,0.2571731217262058,0.02349595286075757,47.40557599376639,0.8301916528976279
50,synthetic_scalability_scenario_derived_from_real_traffic,LOW,Blended Demand (lambda=0.50),44.85158009155384,0.08667978996880396,12.60862558026253,0.6626907975940495,0.3280803615722108,0.19213691478771316,1.4719587067445468,0.20830784719659556,99.7606576980568,0.11507533813673462,0.26757513385575027,0.025151572632264953,49.66438246076727,1.5796739412743996
50,synthetic_scalability_scenario_derived_from_real_traffic,LOW,Blended Demand (lambda=0.75),44.269959557272486,0.39952074817975597,15.737476531156025,1.5747648417638258,1.6197034908939982,0.8870859455017531,3.552162902636862,0.5153514946475384,96.5621524663677,1.1880613297252627,0.2754505628635444,0.02656554498678338,51.489163111092566,2.1155098927812634
50,synthetic_scalability_scenario_derived_from_real_traffic,LOW,Current Demand Only (lambda=0.00),44.999999999999865,5.6732287925851606e-14,10.0,0.0,0.0,0.0,0.0,0.0,100.0,0.0,0.2445848507659588,0.021857208855873774,45.0,0.0
50,synthetic_scalability_scenario_derived_from_real_traffic,LOW,Equal Share,26.229251064628386,1.73059130445724,26.284784320713925,1.7746639950609269,41.70233694962589,3.8465953718001136,1.7729546155929738,0.3797758759234505,85.63467862481316,2.107356331614337,0.3396544722953502,0.024258176972362617,26.22925106462847,1.7305913044572179
50,synthetic_scalability_scenario_derived_from_real_traffic,LOW,Prediction Only (lambda=1.00),43.00089561504595,1.0222252886699463,28.701820476522848,5.918378385262261,4.439210687980951,2.270370200432898,13.668978830328749,2.151778059874442,95.06206278026906,1.6431184698127799,0.28106444793528923,0.027565457138837398,52.62650035347268,2.3222453938278593
50,synthetic_scalability_scenario_derived_from_real_traffic,LOW,Proportional Fair,44.999999999999865,5.6732287925851606e-14,10.0,0.0,0.0,0.0,0.0,0.0,100.0,0.0,0.2445848507659588,0.021857208855873774,45.0,0.0
50,synthetic_scalability_scenario_derived_from_real_traffic,LOW,Round Robin,44.999999999999865,5.6732287925851606e-14,10.0,0.0,0.0,0.0,0.0,0.0,100.0,0.0,0.2445848507659588,0.021857208855873774,45.0,0.0
50,synthetic_scalability_scenario_derived_from_real_traffic,MEDIUM,Blended Demand (lambda=0.25),79.74098419428738,0.1855120914315977,11.058008284941584,0.25452593379179417,0.3228989285422369,0.23164871486395866,0.5586149962269589,0.09366919235103861,99.79533632286996,0.11949578395325429,0.25636619094415425,0.02347594020807223,84.00980307592141,1.302638979405087
50,synthetic_scalability_scenario_derived_from_real_traffic,MEDIUM,Blended Demand (lambda=0.50),78.5216147588541,0.7984880101053221,12.541154598808166,0.5950978545102129,1.846299331626242,0.9975435168598924,1.3885862767297266,0.18130883907038775,98.39545590433482,0.7866840624554641,0.26489351566329283,0.024899267902909257,87.02152996052594,2.1261071591403025
50,synthetic_scalability_scenario_derived_from_real_traffic,MEDIUM,Blended Demand (lambda=0.75),75.87944735170836,1.9904924537778683,15.222081793521957,1.2461266398483526,5.1485363692323,2.4872070849694667,3.1654938811041995,0.39026456405503485,95.84759342301943,1.353426547677556,0.26984352687287916,0.02555924455357645,88.53584926991957,2.266722590522273
50,synthetic_scalability_scenario_derived_from_real_traffic,MEDIUM,Current Demand Only (lambda=0.00),79.8635824369164,0.09604208513908948,10.033399965742834,0.019876623184129895,0.17052195385446606,0.12005260642376513,0.06245279132877117,0.03615636868080197,99.9436173393124,0.03414006319098772,0.24404334704650016,0.02192007514178822,79.86358243691643,0.09604208513900266
50,synthetic_scalability_scenario_derived_from_real_traffic,MEDIUM,Equal Share,31.59742770664195,2.1208350368130686,29.632041173904618,1.0504718376549886,60.49596378157347,2.651865653505889,2.048081428546381,0.3704906498718871,83.40514200298954,1.6395506349185414,0.39685679433259724,0.027006420859100485,31.597427706641945,2.1208350368130717
50,synthetic_scalability_scenario_derived_from_real_traffic,MEDIUM,Prediction Only (lambda=1.00),72.91812447397845,3.318066083699776,27.52032266114737,5.1573259800541615,8.849780770089001,4.146495392178138,12.771145104790268,1.8930754193651345,94.66373692077727,1.6945054523024974,0.27315559183055443,0.02589473046641919,89.43379225754725,2.0692945412848527
50,synthetic_scalability_scenario_derived_from_real_traffic,MEDIUM,Proportional Fair,79.88163063226179,0.09920608975823234,10.053464003412193,0.03161304445852759,0.14796170967271918,0.12400761219762685,0.10189084230433312,0.05961107020641274,99.92801195814648,0.05629520518677733,0.24437135794281328,0.021936067269511524,79.88163063226182,0.09920608975810725
50,synthetic_scalability_scenario_derived_from_real_traffic,MEDIUM,Round Robin,79.82396450977993,0.11608089806344365,10.028641179025374,0.017034158993437652,0.22004436277505163,0.14510112257919203,0.054409820746019355,0.03174986778248007,99.93602391629297,0.036335477952321324,0.24390879823453343,0.02191316156008577,79.82396450977997,0.11608089806334633
50,synthetic_scalability_scenario_derived_from_real_traffic,SPIKE,Blended Demand (lambda=0.25),87.54739050317048,0.8831322733523204,12.848444228229365,0.38673348771137095,21.746459683067588,0.8015440296659976,0.862361352291362,0.1669319061253656,92.39384155455905,1.052845226793246,0.283813874464606,0.02608226617053722,92.1217316344088,0.7577408158454297
50,synthetic_scalability_scenario_derived_from_real_traffic,SPIKE,Blended Demand (lambda=0.50),85.54553031484868,1.5372344741640602,14.181855518681207,0.5431101336829548,23.535636139744312,1.3657879386986584,1.4555886580723418,0.2064502687888225,91.5827802690583,0.8984180703585961,0.29382779269886566,0.027472516474982275,93.62517877274365,1.1433251808253957
50,synthetic_scalability_scenario_derived_from_real_traffic,SPIKE,Blended Demand (lambda=0.75),83.05941991648244,2.4029406826972575,16.557185678161176,1.0035312175115898,25.75791358244219,2.1240976664598077,2.959950737078735,0.33965457355563844,89.3003288490284,0.9562445321771037,0.29876939895983823,0.02818358066793874,94.38808340909345,1.1994369824774334
50,synthetic_scalability_scenario_derived_from_real_traffic,SPIKE,Current Demand Only (lambda=0.00),90.08364890019396,0.2545310664630674,11.857090331336646,0.39347893832694236,19.479695267180418,0.3678759791159058,0.582531767413341,0.1485724026252681,92.69530642750374,1.1222105551861932,0.26774409299880786,0.024163332091530657,90.08364890019394,0.25453106646300855
50,synthetic_scalability_scenario_derived_from_real_traffic,SPIKE,Equal Share,34.27898333184172,2.149460403252653,32.21257396175874,1.5926946341273294,69.35575939225214,1.9132065356144994,2.198424235151474,0.37392976431751296,80.99545590433482,1.7906635160956381,0.42602441733912055,0.027883079404550024,34.278983331841744,2.1494604032527023
50,synthetic_scalability_scenario_derived_from_real_traffic,SPIKE,Prediction Only (lambda=1.00),80.18310481127713,3.5920889204216975,27.887906323753604,4.320156095427026,28.3291389389874,3.17936487230081,11.860363439478864,1.6082371688120778,88.26636771300448,1.0588308209037753,0.29603293385694035,0.027350584925559654,94.83797642211194,1.0912490354074857
50,synthetic_scalability_scenario_derived_from_real_traffic,SPIKE,Proportional Fair,90.09108610592753,0.2590240016502224,11.652123543267077,0.3870605397842811,19.473961110508007,0.37164925936675525,0.6531017269169231,0.144646498292578,93.47718983557549,1.1933651182218035,0.27992831857160855,0.0255760469674669,90.0910861059275,0.2590240016501644
50,synthetic_scalability_scenario_derived_from_real_traffic,SPIKE,Round Robin,90.06467988268248,0.2512600805315416,11.624849267460654,0.4079933093511941,19.4968997084458,0.36426195524665667,0.53073077043022,0.11187213204579298,93.00603886397609,1.1645412768066987,0.267759160076237,0.023911339770324724,90.06467988268244,0.2512600805314824
100,synthetic_scalability_scenario_derived_from_real_traffic,HIGH,Blended Demand (lambda=0.25),95.51611692298411,1.3461240474464176,12.94417322881527,0.2884962247393684,13.163496041989726,1.2237944496122848,0.6879486853049863,0.11164228335576608,91.07503736920778,0.4672377955444328,0.255317743414144,0.023234009677533064,99.9970610010827,0.001457194429571332
100,synthetic_scalability_scenario_derived_from_real_traffic,HIGH,Blended Demand (lambda=0.50),92.34494870812273,2.0531804560057787,14.29719172575289,0.44572278601428994,16.045910012090566,1.8665217291361578,0.9936266004704499,0.11995671791359615,89.65127055306428,0.5613861248646065,0.2664435720229523,0.02563188085182802,99.99998527246908,3.293176028907134e-05
100,synthetic_scalability_scenario_derived_from_real_traffic,HIGH,Blended Demand (lambda=0.75),89.60594844424357,2.6931928493019406,16.550436087414035,0.8114808083723742,18.53573656171195,2.448388952329985,2.0188077598755805,0.20877823621745314,87.48023916292975,0.8270095773559262,0.2696194688430519,0.02556845514368938,99.9999457185006,0.00012137712257834288
100,synthetic_scalability_scenario_derived_from_real_traffic,HIGH,Current Demand Only (lambda=0.00),99.93255599885265,0.03249430285276421,11.706549512656476,0.2212188466829233,9.149327011804251,0.02980491863682816,0.619810356743283,0.1103161605851465,93.31907324364724,0.49955649613501696,0.23767863157720534,0.018980730091537678,99.93255599885266,0.03249430285277354
100,synthetic_scalability_scenario_derived_from_real_traffic,HIGH,Equal Share,33.242062047702504,2.3570259429189617,31.31963836496581,1.6515993670610654,69.77373365709526,2.14322647725198,1.5127783553334602,0.21281751957051487,81.78068759342302,1.4055337402222916,0.4195767517660742,0.032993362101462434,33.242062047702504,2.357025942918945
100,synthetic_scalability_scenario_derived_from_real_traffic,HIGH,Prediction Only (lambda=1.00),86.7727022167947,3.5276308119118815,27.096731353169684,3.529542379851541,21.11140228407943,3.207013258498391,8.13091621076838,1.0629990701513279,87.01790732436473,0.8747902111057425,0.2666867678946644,0.023548213186289853,99.99980797361643,0.0003969926191185033
100,synthetic_scalability_scenario_derived_from_real_traffic,HIGH,Proportional Fair,99.85991912795687,0.0901283745540023,11.182384095698652,0.14332854144510987,9.216296311013782,0.08206749099502834,0.6210555028282635,0.12854905523965623,95.04466367713005,0.5240719453879459,0.24515535244205724,0.021210604507145406,99.85991912795687,0.09012837455398764
100,synthetic_scalability_scenario_derived_from_real_traffic,HIGH,Round Robin,99.89343752076259,0.05882790218987613,11.241307781180772,0.1715306991274932,9.185307358365804,0.05367978804201188,0.5469090054455841,0.09724764236621576,94.45094170403587,0.5094180754672057,0.2363927577384331,0.018484931581690543,99.89343752076259,0.05882790218986616
100,synthetic_scalability_scenario_derived_from_real_traffic,LOW,Blended Demand (lambda=0.25),44.99870347293419,0.0005147538154011326,10.946080464105602,0.20238607830237867,0.0016673512240897744,0.0009003996591145435,0.36352530544125905,0.04316765115322817,99.99814648729446,0.0004912309932816718,0.23825085584886327,0.020116795587091785,47.27434235805988,0.6751196335061799
100,synthetic_scalability_scenario_derived_from_real_traffic,LOW,Blended Demand (lambda=0.50),44.836130027907366,0.0726131962490252,12.429745946639557,0.5493544269794326,0.3618449684997949,0.16080685193398753,1.0020952017742277,0.12142369335630604,99.77103139013452,0.09480310386288603,0.2480113034634776,0.02222511085777235,49.38740779815877,1.2813830025762765
100,synthetic_scalability_scenario_derived_from_real_traffic,LOW,Blended Demand (lambda=0.75),44.20826938616649,0.34708932112766006,15.300397477195167,1.2787872776010836,1.7561729864490132,0.770574156983246,2.401001689775534,0.3028088501619265,96.8145889387145,0.9604563649179263,0.25538908965965934,0.023781790521305007,51.03518604154366,1.694035369658661
100,synthetic_scalability_scenario_derived_from_real_traffic,LOW,Current Demand Only (lambda=0.00),45.00000000000006,1.1974279023514156e-13,10.0,0.0,0.0,0.0,0.0,0.0,100.0,0.0,0.2265500702337709,0.017592673328469078,45.0,0.0
100,synthetic_scalability_scenario_derived_from_real_traffic,LOW,Equal Share,24.817464505930065,1.6352716884259597,25.129289320257303,0.7719776213371388,44.839420175668735,3.6340354226001157,1.1715174261616872,0.21362653317688804,86.45742899850522,1.1240249332657857,0.3288037198993462,0.026198568882569887,24.817464505930083,1.6352716884260041
100,synthetic_scalability_scenario_derived_from_real_traffic,LOW,Prediction Only (lambda=1.00),43.00894833971008,0.8586521344317689,27.20784588628778,4.759988104351085,4.420808380799966,1.9071221173332973,9.283176709886266,1.3193118017173793,95.34233183856502,1.308504971202991,0.2608970989437928,0.024840521189796887,52.11150388021305,1.8547881732074867
100,synthetic_scalability_scenario_derived_from_real_traffic,LOW,Proportional Fair,45.00000000000006,1.1974279023514156e-13,10.0,0.0,0.0,0.0,0.0,0.0,100.0,0.0,0.2265500702337709,0.017592673328469078,45.0,0.0
100,synthetic_scalability_scenario_derived_from_real_traffic,LOW,Round Robin,45.00000000000006,1.1974279023514156e-13,10.0,0.0,0.0,0.0,0.0,0.0,100.0,0.0,0.2265500702337709,0.017592673328469078,45.0,0.0
100,synthetic_scalability_scenario_derived_from_real_traffic,MEDIUM,Blended Demand (lambda=0.25),79.83803005396283,0.08220467656069555,10.97383027938151,0.2002342725593981,0.20129056148994523,0.10247178515332071,0.36579389729222384,0.045597834582255775,99.82379671150971,0.08082622914010319,0.23776529784725456,0.020016573140611803,83.88219561991913,1.123396488202991
100,synthetic_scalability_scenario_derived_from_real_traffic,MEDIUM,Blended Demand (lambda=0.50),78.52096846013521,0.6470740226343592,12.347993633812946,0.4820161718265287,1.8468006647046191,0.8083422595111821,0.9383481591090612,0.1066160249276723,98.5611659192825,0.6293968336123827,0.24552786952141656,0.021669212810463693,86.60158842536612,1.7540541405972865
100,synthetic_scalability_scenario_derived_from_real_traffic,MEDIUM,Blended Demand (lambda=0.75),76.11641152988156,1.6483218923009577,14.87495821965243,1.0143197066513856,4.8520599259759525,2.059759837966407,2.186218721055821,0.24416652665388608,96.21883408071749,1.1291037802615023,0.250595799365242,0.02258436584408185,88.2134984929629,1.9145617245187307
100,synthetic_scalability_scenario_derived_from_real_traffic,MEDIUM,Current Demand Only (lambda=0.00),79.95439744826373,0.023844259324011623,10.004268027572916,0.0030149882077865056,0.05700318967029252,0.029805324154993904,0.008216190712408134,0.005817874332234862,99.98774289985052,0.007677348901877852,0.2263532529562819,0.017571172106485924,79.95439744826378,0.0238442593239933
100,synthetic_scalability_scenario_derived_from_real_traffic,MEDIUM,Equal Share,30.232228155850674,2.189840567235532,28.79304199507694,0.991990967783284,62.202442143308716,2.7377765856702996,1.3633256483166565,0.20951081709341685,84.04684603886398,0.8290658331044898,0.38918006200067823,0.030368320865284636,30.23222815585067,2.189840567235527
100,synthetic_scalability_scenario_derived_from_real_traffic,MEDIUM,Prediction Only (lambda=1.00),73.43186655401789,2.740305518190735,26.19380749349661,4.158455140100369,8.207361136995903,3.4247112514626648,8.71896128108882,1.1945080377563553,95.03162929745889,1.3777959367434414,0.25442728763528855,0.02314284519639472,89.4327987038884,1.8704926589355948
100,synthetic_scalability_scenario_derived_from_real_traffic,MEDIUM,Proportional Fair,79.9605417783211,0.021656841182113765,10.007199075385172,0.005074371534330938,0.049322777098574105,0.027071051477625063,0.013961476742676832,0.009775087058115448,99.98843049327354,0.008106000516629637,0.22639341199770596,0.017591998322632908,79.96054177832114,0.021656841182107964
100,synthetic_scalability_scenario_derived_from_real_traffic,MEDIUM,Round Robin,79.9475965835228,0.028090267928710222,10.003587203614305,0.002517582852799267,0.0655042705964622,0.035112834910864206,0.006915540161729637,0.0048787585663999464,99.98648729446936,0.00833365171960528,0.22632912331105742,0.017564031073970764,79.94759658352282,0.028090267928692667
100,synthetic_scalability_scenario_derived_from_real_traffic,SPIKE,Blended Demand (lambda=0.25),87.67793067173588,0.7245598374728348,12.466001847991011,0.2650718807622591,21.63163280018061,0.6942865335946746,0.5523089956492336,0.0978400263210366,92.98248131539611,0.496693014818822,0.26580103009274186,0.02475960080461207,92.07162244331013,0.5405406108419509
100,synthetic_scalability_scenario_derived_from_real_traffic,SPIKE,Blended Demand (lambda=0.50),85.56810522701467,1.246624680608276,13.73988766634823,0.4759443276746558,23.517023409322615,1.1437548330848861,0.9789745878850395,0.12889666224300728,92.21925261584454,0.38014226094373044,0.27555386926398723,0.02658768795992605,93.42960379271287,0.8283082910490746
100,synthetic_scalability_scenario_derived_from_real_traffic,SPIKE,Blended Demand (lambda=0.75),83.11738178715095,1.9629044044641681,16.00867789740736,0.8945985334528082,25.707062267801604,1.7784660778464985,2.047893619607351,0.22620595269617813,90.07790732436472,0.619238018336978,0.2806387614341599,0.027472500262263878,94.23664228742658,0.9048634225414021
100,synthetic_scalability_scenario_derived_from_real_traffic,SPIKE,Current Demand Only (lambda=0.00),90.12062703640945,0.19031235563543653,11.519621269791461,0.1691393238124174,19.44886127509517,0.2804078320490733,0.33766041249356904,0.07887289787430253,93.21336322869955,0.5541886986141645,0.2505277595166683,0.02147080369772429,90.12062703640945,0.1903123556353896
100,synthetic_scalability_scenario_derived_from_real_traffic,SPIKE,Equal Share,33.0413356332579,2.3038051681499097,30.906390996505905,1.4650374414560752,70.4641300379592,2.0280028291495813,1.5027926060741623,0.2037639577924803,82.07004484304932,1.1941292336018419,0.4197849414197403,0.03280865631941264,33.04133563325786,2.3038051681498803
100,synthetic_scalability_scenario_derived_from_real_traffic,SPIKE,Prediction Only (lambda=1.00),80.35648228701405,2.931038525807702,26.440274497462315,3.6045508859461632,28.174386609628662,2.640799675725601,8.098176106987093,1.0551123680682142,88.99790732436472,0.8041272879833997,0.2789699600299523,0.026294802187535837,94.84622372755568,0.8826597139729726
100,synthetic_scalability_scenario_derived_from_real_traffic,SPIKE,Proportional Fair,90.12394880653119,0.19033373326084888,11.351497606154098,0.1771177026808005,19.44667563875233,0.28055762867352785,0.3626689201405767,0.06975947439612647,93.87094170403587,0.6540870739295785,0.2613064076361771,0.024488030849613998,90.1239488065312,0.19033373326078362
100,synthetic_scalability_scenario_derived_from_real_traffic,SPIKE,Round Robin,90.11730633622432,0.19097543940488487,11.35690911699788,0.18393913371252546,19.452048361624644,0.2808272730899557,0.3079591901403814,0.055305380137059136,93.43973094170403,0.5916965015673583,0.25050307466276517,0.021235819167329355,90.11730633622432,0.19097543940482814
